{"name":{"0":"HV1 Load 1","1":"HV1 Load 2","2":"HV1 Load 3","3":"HV1 Load 4","4":"HV1 Load 5","5":"HV1 Load 6","6":"HV1 Load 7","7":"HV1 Load 8","8":"HV1 Load 9","9":"HV1 Load 10","10":"HV1 Load 11","11":"HV1 Load 12","12":"HV1 Load 13","13":"HV1 Load 14","14":"HV1 Load 15","15":"HV1 Load 16","16":"HV1 Load 17","17":"HV1 Load 18","18":"HV1 Load 19","19":"HV1 Load 20","20":"HV1 Load 21","21":"HV1 Load 22","22":"HV1 Load 23","23":"HV1 Load 24","24":"HV1 Load 25","25":"HV1 Load 26","26":"HV1 Load 27","27":"HV1 Load 28","28":"HV1 Load 29","29":"HV1 Load 30","30":"HV1 Load 31","31":"HV1 Load 32","32":"HV1 Load 33","33":"HV1 Load 34","34":"HV1 Load 35","35":"HV1 Load 36","36":"HV1 Load 37","37":"HV1 Load 38","38":"HV1 Load 39","39":"HV1 Load 40","40":"HV1 Load 41","41":"HV1 Load 42","42":"HV1 Load 43","43":"HV1 Load 44","44":"HV1 Load 45","45":"HV1 Load 46","46":"HV1 Load 47","47":"HV1 Load 48","48":"HV1 Load 49","49":"HV1 Load 50","50":"HV1 Load 51","51":"HV1 Load 52","52":"HV1 Load 53","53":"HV1 Load 54","54":"HV1 Load 55","55":"HV1 Load 56","56":"HV1 Load 57","57":"HV1 Load 58"},"bus":{"0":122,"1":128,"2":130,"3":132,"4":14,"5":16,"6":18,"7":20,"8":22,"9":32,"10":42,"11":44,"12":46,"13":50,"14":62,"15":64,"16":70,"17":72,"18":74,"19":84,"20":88,"21":90,"22":92,"23":94,"24":98,"25":102,"26":106,"27":108,"28":110,"29":114,"30":116,"31":118,"32":120,"33":124,"34":126,"35":26,"36":38,"37":48,"38":54,"39":68,"40":78,"41":82,"42":96,"43":25,"44":28,"45":40,"46":52,"47":60,"48":77,"49":80,"50":86,"51":113,"52":30,"53":100,"54":104,"55":36,"56":58,"57":66},"p_mw":{"0":0.605516388,"1":0.605516388,"2":0.605516388,"3":0.605516388,"4":0.605516388,"5":0.605516388,"6":0.605516388,"7":0.605516388,"8":0.605516388,"9":0.605516388,"10":0.605516388,"11":0.605516388,"12":0.605516388,"13":0.605516388,"14":0.605516388,"15":0.605516388,"16":0.605516388,"17":0.605516388,"18":0.605516388,"19":0.605516388,"20":0.605516388,"21":0.605516388,"22":0.605516388,"23":0.605516388,"24":0.605516388,"25":0.605516388,"26":0.605516388,"27":0.605516388,"28":0.605516388,"29":0.605516388,"30":0.605516388,"31":0.605516388,"32":0.605516388,"33":0.605516388,"34":0.605516388,"35":0.0,"36":0.0,"37":0.0,"38":0.0,"39":0.0,"40":0.0,"41":0.0,"42":0.0,"43":7.90495376,"44":4.76180962,"45":4.76180962,"46":4.76180962,"47":4.76180962,"48":4.76180962,"49":4.76180962,"50":4.76180962,"51":4.76180962,"52":6.45019368,"53":6.45019368,"54":6.45019368,"55":9.26748501,"56":9.26748501,"57":9.26748501},"q_mvar":{"0":2.191728,"1":2.191728,"2":2.191728,"3":2.191728,"4":2.191728,"5":2.191728,"6":2.191728,"7":2.191728,"8":2.191728,"9":2.191728,"10":2.191728,"11":2.191728,"12":2.191728,"13":2.191728,"14":2.191728,"15":2.191728,"16":2.191728,"17":2.191728,"18":2.191728,"19":2.191728,"20":2.191728,"21":2.191728,"22":2.191728,"23":2.191728,"24":2.191728,"25":2.191728,"26":2.191728,"27":2.191728,"28":2.191728,"29":2.191728,"30":2.191728,"31":2.191728,"32":2.191728,"33":2.191728,"34":2.191728,"35":0.0,"36":0.0,"37":0.0,"38":0.0,"39":0.0,"40":0.0,"41":0.0,"42":0.0,"43":25.182696,"44":12.607056,"45":12.607056,"46":12.607056,"47":12.607056,"48":12.607056,"49":12.607056,"50":12.607056,"51":12.607056,"52":23.10924,"53":23.10924,"54":23.10924,"55":36.307656,"56":36.307656,"57":36.307656},"const_z_percent":{"0":0.0,"1":0.0,"2":0.0,"3":0.0,"4":0.0,"5":0.0,"6":0.0,"7":0.0,"8":0.0,"9":0.0,"10":0.0,"11":0.0,"12":0.0,"13":0.0,"14":0.0,"15":0.0,"16":0.0,"17":0.0,"18":0.0,"19":0.0,"20":0.0,"21":0.0,"22":0.0,"23":0.0,"24":0.0,"25":0.0,"26":0.0,"27":0.0,"28":0.0,"29":0.0,"30":0.0,"31":0.0,"32":0.0,"33":0.0,"34":0.0,"35":0.0,"36":0.0,"37":0.0,"38":0.0,"39":0.0,"40":0.0,"41":0.0,"42":0.0,"43":0.0,"44":0.0,"45":0.0,"46":0.0,"47":0.0,"48":0.0,"49":0.0,"50":0.0,"51":0.0,"52":0.0,"53":0.0,"54":0.0,"55":0.0,"56":0.0,"57":0.0},"const_i_percent":{"0":0.0,"1":0.0,"2":0.0,"3":0.0,"4":0.0,"5":0.0,"6":0.0,"7":0.0,"8":0.0,"9":0.0,"10":0.0,"11":0.0,"12":0.0,"13":0.0,"14":0.0,"15":0.0,"16":0.0,"17":0.0,"18":0.0,"19":0.0,"20":0.0,"21":0.0,"22":0.0,"23":0.0,"24":0.0,"25":0.0,"26":0.0,"27":0.0,"28":0.0,"29":0.0,"30":0.0,"31":0.0,"32":0.0,"33":0.0,"34":0.0,"35":0.0,"36":0.0,"37":0.0,"38":0.0,"39":0.0,"40":0.0,"41":0.0,"42":0.0,"43":0.0,"44":0.0,"45":0.0,"46":0.0,"47":0.0,"48":0.0,"49":0.0,"50":0.0,"51":0.0,"52":0.0,"53":0.0,"54":0.0,"55":0.0,"56":0.0,"57":0.0},"sn_mva":{"0":3.22581,"1":3.22581,"2":3.22581,"3":3.22581,"4":3.22581,"5":3.22581,"6":3.22581,"7":3.22581,"8":3.22581,"9":3.22581,"10":3.22581,"11":3.22581,"12":3.22581,"13":3.22581,"14":3.22581,"15":3.22581,"16":3.22581,"17":3.22581,"18":3.22581,"19":3.22581,"20":3.22581,"21":3.22581,"22":3.22581,"23":3.22581,"24":3.22581,"25":3.22581,"26":3.22581,"27":3.22581,"28":3.22581,"29":3.22581,"30":3.22581,"31":3.22581,"32":3.22581,"33":3.22581,"34":3.22581,"35":0.0,"36":0.0,"37":0.0,"38":0.0,"39":0.0,"40":0.0,"41":0.0,"42":0.0,"43":37.0753,"44":18.5591,"45":18.5591,"46":18.5591,"47":18.5591,"48":18.5591,"49":18.5591,"50":18.5591,"51":18.5591,"52":34.0215,"53":34.0215,"54":34.0215,"55":53.4516,"56":53.4516,"57":53.4516},"scaling":{"0":1.0,"1":1.0,"2":1.0,"3":1.0,"4":1.0,"5":1.0,"6":1.0,"7":1.0,"8":1.0,"9":1.0,"10":1.0,"11":1.0,"12":1.0,"13":1.0,"14":1.0,"15":1.0,"16":1.0,"17":1.0,"18":1.0,"19":1.0,"20":1.0,"21":1.0,"22":1.0,"23":1.0,"24":1.0,"25":1.0,"26":1.0,"27":1.0,"28":1.0,"29":1.0,"30":1.0,"31":1.0,"32":1.0,"33":1.0,"34":1.0,"35":1.0,"36":1.0,"37":1.0,"38":1.0,"39":1.0,"40":1.0,"41":1.0,"42":1.0,"43":1.0,"44":1.0,"45":1.0,"46":1.0,"47":1.0,"48":1.0,"49":1.0,"50":1.0,"51":1.0,"52":1.0,"53":1.0,"54":1.0,"55":1.0,"56":1.0,"57":1.0},"in_service":{"0":true,"1":true,"2":true,"3":true,"4":true,"5":true,"6":true,"7":true,"8":true,"9":true,"10":true,"11":true,"12":true,"13":true,"14":true,"15":true,"16":true,"17":true,"18":true,"19":true,"20":true,"21":true,"22":true,"23":true,"24":true,"25":true,"26":true,"27":true,"28":true,"29":true,"30":true,"31":true,"32":true,"33":true,"34":true,"35":true,"36":true,"37":true,"38":true,"39":true,"40":true,"41":true,"42":true,"43":true,"44":true,"45":true,"46":true,"47":true,"48":true,"49":true,"50":true,"51":true,"52":true,"53":true,"54":true,"55":true,"56":true,"57":true},"type":{"0":null,"1":null,"2":null,"3":null,"4":null,"5":null,"6":null,"7":null,"8":null,"9":null,"10":null,"11":null,"12":null,"13":null,"14":null,"15":null,"16":null,"17":null,"18":null,"19":null,"20":null,"21":null,"22":null,"23":null,"24":null,"25":null,"26":null,"27":null,"28":null,"29":null,"30":null,"31":null,"32":null,"33":null,"34":null,"35":null,"36":null,"37":null,"38":null,"39":null,"40":null,"41":null,"42":null,"43":null,"44":null,"45":null,"46":null,"47":null,"48":null,"49":null,"50":null,"51":null,"52":null,"53":null,"54":null,"55":null,"56":null,"57":null},"profile":{"0":"mv_add1","1":"mv_add1","2":"mv_add1","3":"mv_add1","4":"mv_add1","5":"mv_add1","6":"mv_add1","7":"mv_add1","8":"mv_add1","9":"mv_add1","10":"mv_add1","11":"mv_add1","12":"mv_add1","13":"mv_add1","14":"mv_add1","15":"mv_add1","16":"mv_add1","17":"mv_add1","18":"mv_add1","19":"mv_add1","20":"mv_add1","21":"mv_add1","22":"mv_add1","23":"mv_add1","24":"mv_add1","25":"mv_add1","26":"mv_add1","27":"mv_add1","28":"mv_add1","29":"mv_add1","30":"mv_add1","31":"mv_add1","32":"mv_add1","33":"mv_add1","34":"mv_add1","35":"mv_add1","36":"mv_add1","37":"mv_add1","38":"mv_add1","39":"mv_add1","40":"mv_add1","41":"mv_add1","42":"mv_add1","43":"mv_comm","44":"mv_rural","45":"mv_rural","46":"mv_rural","47":"mv_rural","48":"mv_rural","49":"mv_rural","50":"mv_rural","51":"mv_rural","52":"mv_semiurb","53":"mv_semiurb","54":"mv_semiurb","55":"mv_urban","56":"mv_urban","57":"mv_urban"},"subnet":{"0":"HV1","1":"HV1","2":"HV1","3":"HV1","4":"HV1","5":"HV1","6":"HV1","7":"HV1","8":"HV1","9":"HV1","10":"HV1","11":"HV1","12":"HV1","13":"HV1","14":"HV1","15":"HV1","16":"HV1","17":"HV1","18":"HV1","19":"HV1","20":"HV1","21":"HV1","22":"HV1","23":"HV1","24":"HV1","25":"HV1","26":"HV1","27":"HV1","28":"HV1","29":"HV1","30":"HV1","31":"HV1","32":"HV1",