{"name":{"0":"load_0","1":"load_1","2":"load_2","3":"load_3","4":"load_4","5":"load_5","6":"load_6","7":"load_7","8":"load_8","9":"load_9","10":"load_10","11":"load_11","12":"load_12","13":"load_13","14":"load_14","15":"load_15"},"bus":{"0":3,"1":1,"2":5,"3":6,"4":7,"5":8,"6":0,"7":9,"8":10,"9":2,"10":2,"11":12,"12":2,"13":7,"14":6,"15":9},"p_mw":{"0":171.0,"1":72.0,"2":50.4,"3":59.4,"4":16.2,"5":70.2,"6":45.0,"7":46.8,"8":59.4,"9":9.0,"10":86.4,"11":52.2,"12":0.0,"13":0.0,"14":0.0,"15":0.0},"q_mvar":{"0":-34.3259994507,"1":14.5439998627,"2":7.1460000515,"3":8.334000206,"4":-3.257999897,"5":14.3459996223,"6":9.0359999657,"7":9.5219999313,"8":-12.0959996223,"9":-2.9699999571,"10":12.3480002403,"11":10.565999794,"12":0.0,"13":0.0,"14":0.0,"15":0.0},"const_z_percent":{"0":0.0,"1":0.0,"2":0.0,"3":0.0,"4":0.0,"5":0.0,"6":0.0,"7":0.0,"8":0.0,"9":0.0,"10":0.0,"11":0.0,"12":0.0,"13":0.0,"14":0.0,"15":0.0},"const_i_percent":{"0":0.0,"1":0.0,"2":0.0,"3":0.0,"4":0.0,"5":0.0,"6":0.0,"7":0.0,"8":0.0,"9":0.0,"10":0.0,"11":0.0,"12":0.0,"13":0.0,"14":0.0,"15":0.0},"sn_mva":{"0":null,"1":null,"2":null,"3":null,"4":null,"5":null,"6":null,"7":null,"8":null,"9":null,"10":null,"11":null,"12":null,"13":null,"14":null,"15":null},"scaling":{"0":0.63,"1":0.81,"2":0.84,"3":0.53,"4":0.74,"5":0.71,"6":0.56,"7":0.82,"8":0.52,"9":0.89,"10":0.87,"11":0.52,"12":0.72,"13":0.62,"14":0.74,"15":0.86},"in_service":{"0":true,"1":true,"2":true,"3":true,"4":true,"5":true,"6":true,"7":true,"8":true,"9":true,"10":true,"11":true,"12":true,"13":true,"14":true,"15":true},"type":{"0":"commercial","1":"commercial","2":"commercial","3":"commercial","4":"residential","5":"commercial","6":"residential","7":"commercial","8":"residential","9":"commercial","10":"commercial","11":"commercial","12":"residential","13":"residential","14":"commercial","15":"commercial"}}