{"name":{"0":"HV1 Load 1","1":"HV1 Load 2","2":"HV1 Load 3","3":"HV1 Load 4","4":"HV1 Load 5","5":"HV1 Load 6","6":"HV1 Load 7","7":"HV1 Load 8","8":"HV1 Load 9","9":"HV1 Load 10","10":"HV1 Load 11","11":"HV1 Load 12","12":"HV1 Load 13","13":"HV1 Load 14","14":"HV1 Load 15","15":"HV1 Load 16","16":"HV1 Load 17","17":"HV1 Load 18","18":"HV1 Load 19","19":"HV1 Load 20","20":"HV1 Load 21","21":"HV1 Load 22","22":"HV1 Load 23","23":"HV1 Load 24","24":"HV1 Load 25","25":"HV1 Load 26","26":"HV1 Load 27","27":"HV1 Load 28","28":"HV1 Load 29","29":"HV1 Load 30","30":"HV1 Load 31","31":"HV1 Load 32","32":"HV1 Load 33","33":"HV1 Load 34","34":"HV1 Load 35","35":"HV1 Load 36","36":"HV1 Load 37","37":"HV1 Load 38","38":"HV1 Load 39","39":"HV1 Load 40","40":"HV1 Load 41","41":"HV1 Load 42","42":"HV1 Load 43","43":"HV1 Load 44","44":"HV1 Load 45","45":"HV1 Load 46","46":"HV1 Load 47","47":"HV1 Load 48","48":"HV1 Load 49","49":"HV1 Load 50","50":"HV1 Load 51","51":"HV1 Load 52","52":"HV1 Load 53","53":"HV1 Load 54","54":"HV1 Load 55","55":"HV1 Load 56","56":"HV1 Load 57","57":"HV1 Load 58"},"bus":{"0":122,"1":128,"2":130,"3":132,"4":14,"5":16,"6":18,"7":20,"8":22,"9":32,"10":42,"11":44,"12":46,"13":50,"14":62,"15":64,"16":70,"17":72,"18":74,"19":84,"20":88,"21":90,"22":92,"23":94,"24":98,"25":102,"26":106,"27":108,"28":110,"29":114,"30":116,"31":118,"32":120,"33":124,"34":126,"35":26,"36":38,"37":48,"38":54,"39":68,"40":78,"41":82,"42":96,"43":25,"44":28,"45":40,"46":52,"47":60,"48":77,"49":80,"50":86,"51":113,"52":30,"53":100,"54":104,"55":36,"56":58,"57":66},"p_mw":{"0":5.544,"1":5.544,"2":5.544,"3":5.544,"4":5.544,"5":5.544,"6":5.544,"7":5.544,"8":5.544,"9":5.544,"10":5.544,"11":5.544,"12":5.544,"13":5.544,"14":5.544,"15":5.544,"16":5.544,"17":5.544,"18":5.544,"19":5.544,"20":5.544,"21":5.544,"22":5.544,"23":5.544,"24":5.544,"25":5.544,"26":5.544,"27":5.544,"28":5.544,"29":5.544,"30":5.544,"31":5.544,"32":5.544,"33":5.544,"34":5.544,"35":0.0,"36":0.0,"37":0.0,"38":0.0,"39":0.0,"40":0.0,"41":0.0,"42":0.0,"43":63.71904,"44":31.89648,"45":31.89648,"46":31.89648,"47":31.89648,"48":31.89648,"49":31.89648,"50":31.89648,"51":31.89648,"52":58.47072,"53":58.47072,"54":58.47072,"55":91.86408,"56":91.86408,"57":91.86408},"q_mvar":{"0":2.191728,"1":2.191728,"2":2.191728,"3":2.191728,"4":2.191728,"5":2.191728,"6":2.191728,"7":2.191728,"8":2.191728,"9":2.191728,"10":2.191728,"11":2.191728,"12":2.191728,"13":2.191728,"14":2.191728,"15":2.191728,"16":2.191728,"17":2.191728,"18":2.191728,"19":2.191728,"20":2.191728,"21":2.191728,"22":2.191728,"23":2.191728,"24":2.191728,"25":2.191728,"26":2.191728,"27":2.191728,"28":2.191728,"29":2.191728,"30":2.191728,"31":2.191728,"32":2.191728,"33":2.191728,"34":2.191728,"35":0.0,"36":0.0,"37":0.0,"38":0.0,"39":0.0,"40":0.0,"41":0.0,"42":0.0,"43":25.182696,"44":12.607056,"45":12.607056,"46":12.607056,"47":12.607056,"48":12.607056,"49":12.607056,"50":12.607056,"51":12.607056,"52":23.10924,"53":23.10924,"54":23.10924,"55":36.307656,"56":36.307656,"57":36.307656},"const_z_percent":{"0":0.0,"1":0.0,"2":0.0,"3":0.0,"4":0.0,"5":0.0,"6":0.0,"7":0.0,"8":0.0,"9":0.0,"10":0.0,"11":0.0,"12":0.0,"13":0.0,"14":0.0,"15":0.0,"16":0.0,"17":0.0,"18":0.0,"19":0.0,"20":0.0,"21":0.0,"22":0.0,"23":0.0,"24":0.0,"25":0.0,"26":0.0,"27":0.0,"28":0.0,"29":0.0,"30":0.0,"31":0.0,"32":0.0,"33":0.0,"34":0.0,"35":0.0,"36":0.0,"37":0.0,"38":0.0,"39":0.0,"40":0.0,"41":0.0,"42":0.0,"43":0.0,"44":0.0,"45":0.0,"46":0.0,"47":0.0,"48":0.0,"49":0.0,"50":0.0,"51":0.0,"52":0.0,"53":0.0,"54":0.0,"55":0.0,"56":0.0,"57":0.0},"const_i_percent":{"0":0.0,"1":0.0,"2":0.0,"3":0.0,"4":0.0,"5":0.0,"6":0.0,"7":0.0,"8":0.0,"9":0.0,"10":0.0,"11":0.0,"12":0.0,"13":0.0,"14":0.0,"15":0.0,"16":0.0,"17":0.0,"18":0.0,"19":0.0,"20":0.0,"21":0.0,"22":0.0,"23":0.0,"24":0.0,"25":0.0,"26":0.0,"27":0.0,"28":0.0,"29":0.0,"30":0.0,"31":0.0,"32":0.0,"33":0.0,"34":0.0,"35":0.0,"36":0.0,"37":0.0,"38":0.0,"39":0.0,"40":0.0,"41":0.0,"42":0.0,"43":0.0,"44":0.0,"45":0.0,"46":0.0,"47":0.0,"48":0.0,"49":0.0,"50":0.0,"51":0.0,"52":0.0,"53":0.0,"54":0.0,"55":0.0,"56":0.0,"57":0.0},"sn_mva":{"0":3.22581,"1":3.22581,"2":3.22581,"3":3.22581,"4":3.22581,"5":3.22581,"6":3.22581,"7":3.22581,"8":3.22581,"9":3.22581,"10":3.22581,"11":3.22581,"12":3.22581,"13":3.22581,"14":3.22581,"15":3.22581,"16":3.22581,"17":3.22581,"18":3.22581,"19":3.22581,"20":3.22581,"21":3.22581,"22":3.22581,"23":3.22581,"24":3.22581,"25":3.22581,"26":3.22581,"27":3.22581,"28":3.22581,"29":3.22581,"30":3.22581,"31":3.22581,"32":3.22581,"33":3.22581,"34":3.22581,"35":0.0,"36":0.0,"37":0.0,"38":0.0,"39":0.0,"40":0.0,"41":0.0,"42":0.0,"43":37.0753,"44":18.5591,"45":18.5591,"46":18.5591,"47":18.5591,"48":18.5591,"49":18.5591,"50":18.5591,"51":18.5591,"52":34.0215,"53":34.0215,"54":34.0215,"55":53.4516,"56":53.4516,"57":53.4516},"scaling":{"0":0.68,"1":0.69,"2":0.6,"3":0.91,"4":0.59,"5":0.9,"6":0.68,"7":0.71,"8":0.91,"9":0.58,"10":0.74,"11":0.87,"12":0.61,"13":0.79,"14":0.72,"15":0.6,"16":0.91,"17":0.8,"18":0.96,"19":0.53,"20":0.6,"21":0.86,"22":0.52,"23":0.76,"24":0.82,"25":0.97,"26":0.54,"27":0.82,"28":0.54,"29":0.78,"30":0.98,"31":0.54,"32":0.58,"33":0.73,"34":0.89,"35":0.68,"36":0.59,"37":0.63,"38":0.74,"39":0.95,"40":0.65,"41":0.72,"42":0.86,"43":0.59,"44":0.68,"45":0.9,"46":0.63,"47":0.66,"48":0.88,"49":0.62,"50":0.75,"51":0.51,"52":0.99,"53":0.59,"54":0.88,"55":0.79,"56":0.93,"57":0.69},"in_service":{"0":true,"1":true,"2":true,"3":true,"4":true,"5":true,"6":true,"7":true,"8":true,"9":true,"10":true,"11":true,"12":true,"13":true,"14":true,"15":true,"16":true,"17":true,"18":true,"19":true,"20":true,"21":true,"22":true,"23":true,"24":true,"25":true,"26":true,"27":true,"28":true,"29":true,"30":true,"31":true,"32":true,"33":true,"34":true,"35":true,"36":true,"37":true,"38":true,"39":true,"40":true,"41":true,"42":true,"43":true,"44":true,"45":true,"46":true,"47":true,"48":true,"49":true,"50":true,"51":true,"52":true,"53":true,"54":true,"55":true,"56":true,"57":true},"type":{"0":null,"1":null,"2":null,"3":null,"4":null,"5":null,"6":null,"7":null,"8":null,"9":null,"10":null,"11":null,"12":null,"13":null,"14":null,"15":null,"16":null,"17":null,"18":null,"19":null,"20":null,"21":null,"22":null,"23":null,"24":null,"25":null,"26":null,"27":null,"28":null,"29":null,"30":null,"31":null,"32":null,"33":null,"34":null,"35":null,"36":null,"37":null,"38":null,"39":null,"40":null,"41":null,"42":null,"43":null,"44":null,"45":null,"46":null,"47":null,"48":null,"49":null,"50":null,"51":null,"52":null,"53":null,"54":null,"55":null,"56":null,"57":null},"profile":{"0":"mv_add1","1":"mv_add1","2":"mv_add1","3":"mv_add1","4":"mv_add1","5":"mv_add1","6":"mv_add1","7":"mv_add1","8":"mv_add1","9":"mv_add1","10":"mv_add1","11":"mv_add1","12":"mv_add1","13":"mv_add1","14":"mv_add1","15":"mv_add1","16":"mv_add1","17":"mv_add1","18":"mv_add1","19":"mv_add1","20":"mv_add1","21":"mv_add1","22":"mv_add1","23":"mv_add1","24":"mv_add1","25":"mv_add1","26":"mv_add1","27":"mv_add1","28":"mv_add1","29":"mv_add1","30":"mv_add1","31":"mv_add1","32":"mv_add1","33":"mv_add1","34":"mv_add1","35":"mv_add1","36":"mv_add1","37":"mv_add1","38":"mv_add1","39":"mv_add1","40":"mv_add1","41":"mv_add1","42":"mv_add1","43":"mv_comm","44":"mv_rural","45":"mv_rural","46":"mv_rural","47":"mv_rural","48":"mv_rural","49":"mv_rural","50":"mv_rural","51":"mv_rural","52":"mv_semiurb","53":"mv_semiurb","54":"mv_semiurb","55":"mv_urban","56":"mv_urban","57":"mv_urban"},"subnet":{"0":"HV1","1":"HV1","2":"HV1","3":"HV1","4":"HV1","5":"HV1","6":"HV1","7":"HV1","8":"HV1","9":"HV1","10":"HV1","11":"HV1","12":"HV1","13":"HV1","14":"HV1","15":"HV1","16":"HV1","17":"HV1","18":"HV1","19":"HV1","20":"HV1","21":"HV1","22":"HV1","23":"HV1","24":"HV1","25":"HV1","26":"HV1","27":"HV1","28":"HV1","29":"HV1","30":"HV1","31":"HV1","32":"HV1","33":"HV1","34":"HV1","35":"HV1","36":"HV1","37":"HV1","38":"HV1","39":"HV1","40":"HV1","41":"HV1","42":"HV1","43":"HV1_MV4_eq","44":"HV1_MV1_eq","45":"HV1_MV1_eq","46":"HV1_MV1_eq",