{"name":{"0":"load_0","1":"load_1","2":"load_2","3":"load_3","4":"load_4","5":"load_5","6":"load_6","7":"load_7","8":"load_8","9":"load_9","10":"load_10","11":"load_11","12":"load_12","13":"load_13","14":"load_14","15":"load_15"},"bus":{"0":3,"1":1,"2":5,"3":6,"4":7,"5":8,"6":0,"7":9,"8":10,"9":2,"10":2,"11":12,"12":2,"13":7,"14":6,"15":9},"p_mw":{"0":163.0451798269,"1":68.6506020324,"2":48.0554214227,"3":56.6367466767,"4":15.4463854573,"5":66.9343369816,"6":42.9066262702,"7":44.622891321,"8":56.6367466767,"9":8.581325254,"10":82.3807224388,"11":49.7716864735,"12":0.0,"13":0.0,"14":0.0,"15":0.0},"q_mvar":{"0":-34.3259994507,"1":14.5439998627,"2":7.1460000515,"3":8.334000206,"4":-3.257999897,"5":14.3459996223,"6":9.0359999657,"7":9.5219999313,"8":-12.0959996223,"9":-2.9699999571,"10":12.3480002403,"11":10.565999794,"12":0.0,"13":0.0,"14":0.0,"15":0.0},"const_z_percent":{"0":0.0,"1":0.0,"2":0.0,"3":0.0,"4":0.0,"5":0.0,"6":0.0,"7":0.0,"8":0.0,"9":0.0,"10":0.0,"11":0.0,"12":0.0,"13":0.0,"14":0.0,"15":0.0},"const_i_percent":{"0":0.0,"1":0.0,"2":0.0,"3":0.0,"4":0.0,"5":0.0,"6":0.0,"7":0.0,"8":0.0,"9":0.0,"10":0.0,"11":0.0,"12":0.0,"13":0.0,"14":0.0,"15":0.0},"sn_mva":{"0":null,"1":null,"2":null,"3":null,"4":null,"5":null,"6":null,"7":null,"8":null,"9":null,"10":null,"11":null,"12":null,"13":null,"14":null,"15":null},"scaling":{"0":0.5,"1":1.0,"2":1.0,"3":1.0,"4":1.0,"5":1.0,"6":1.0,"7":1.0,"8":1.0,"9":1.0,"10":1.0,"11":1.0,"12":1.0,"13":1.0,"14":1.0,"15":1.0},"in_service":{"0":true,"1":true,"2":true,"3":true,"4":true,"5":true,"6":true,"7":true,"8":true,"9":true,"10":true,"11":true,"12":true,"13":true,"14":true,"15":true},"type":{"0":"commercial","1":"commercial","2":"commercial","3":"commercial","4":"residential","5":"commercial","6":"residential","7":"commercial","8":"residential","9":"commercial","10":"commercial","11":"commercial","12":"residential","13":"residential","14":"commercial","15":"commercial"}}