{"name":{"0":"sgen_0","1":"sgen_1","2":"sgen_2","3":"sgen_3","4":"sgen_4","5":"sgen_5","6":"sgen_6","7":"sgen_7","8":"sgen_8","9":"sgen_9","10":"sgen_10","11":"sgen_11"},"bus":{"0":6,"1":13,"2":12,"3":9,"4":16,"5":4,"6":0,"7":5,"8":1,"9":3,"10":7,"11":8},"p_mw":{"0":0.03526254,"1":118.37987892,"2":0.10938726,"3":0.02366496,"4":0.03239352,"5":14.04039096,"6":40.5370116,"7":7.57427112,"8":0.09385632,"9":10.70641692,"10":7.73611452,"11":0.01666494},"q_mvar":{"0":0.0,"1":0.0,"2":0.0,"3":0.0,"4":0.0,"5":0.0,"6":0.0,"7":0.0,"8":0.0,"9":0.0,"10":0.0,"11":0.0},"sn_mva":{"0":null,"1":null,"2":null,"3":null,"4":null,"5":null,"6":null,"7":null,"8":null,"9":null,"10":null,"11":null},"scaling":{"0":1.2,"1":1.2,"2":1.2,"3":1.2,"4":1.2,"5":1.2,"6":1.2,"7":1.2,"8":1.2,"9":1.2,"10":1.2,"11":1.2},"in_service":{"0":true,"1":true,"2":true,"3":true,"4":true,"5":true,"6":true,"7":true,"8":true,"9":true,"10":true,"11":true},"type":{"0":"pv","1":"wind","2":"pv","3":"pv","4":"pv","5":"wind","6":"wind","7":"wind","8":"pv","9":"wind","10":"wind","11":"pv"},"current_source":{"0":true,"1":true,"2":true,"3":true,"4":true,"5":true,"6":true,"7":true,"8":true,"9":true,"10":true,"11":true}}