{"name":{"0":null,"1":null,"2":null,"3":null,"4":null,"5":null,"6":null,"7":null,"8":null,"9":null,"10":null,"11":null,"12":null,"13":null,"14":null,"15":null,"16":null,"17":null,"18":null,"19":null,"20":null,"21":null,"22":null,"23":null,"24":null,"25":null,"26":null,"27":null,"28":null,"29":null,"30":null,"31":null,"32":null,"33":null,"34":null,"35":null,"36":null,"37":null,"38":null,"39":null,"40":null,"41":null,"42":null,"43":null,"44":null,"45":null,"46":null,"47":null,"48":null,"49":null,"50":null},"bus":{"0":0,"1":1,"2":2,"3":3,"4":4,"5":5,"6":6,"7":7,"8":8,"9":9,"10":12,"11":13,"12":14,"13":15,"14":17,"15":18,"16":19,"17":24,"18":25,"19":26,"20":27,"21":28,"22":29,"23":30,"24":31,"25":32,"26":33,"27":36,"28":37,"29":38,"30":39,"31":41,"32":42,"33":43,"34":48,"35":49,"36":50,"37":51,"38":52,"39":53,"40":54,"41":55,"42":56,"43":57,"44":60,"45":61,"46":62,"47":63,"48":65,"49":66,"50":67},"p_mw":{"0":59.36375016,"1":53.3174422733,"2":98.9395836,"3":40.6751621467,"4":39.0261690867,"5":74.7543520533,"6":68.7080441667,"7":93.99260442,"8":96.1912618333,"9":107.1845489,"10":145.6610536333,"11":106.6348845467,"12":174.2436000067,"13":54.9664353333,"14":183.03822966,"15":99.4892479533,"16":70.3570372267,"17":58.7255302611,"18":52.744226253,"19":97.8758837684,"20":40.237863327,"21":38.6065985975,"22":73.9506677361,"23":67.9693637281,"24":92.98208958,"25":95.1571092193,"26":106.0322074158,"27":144.0950511035,"28":105.488452506,"29":172.3703064144,"30":54.3754909825,"31":181.0703849716,"32":98.4196386782,"33":69.6006284575,"34":64.8033973011,"35":58.2030512796,"36":108.0056621684,"37":44.4023277804,"38":42.6022334109,"39":81.6042780828,"40":75.0039320614,"41":102.60537906,"42":105.005504886,"43":117.0061340158,"44":159.0083359702,"45":116.4061025593,"46":190.2099717077,"47":60.0031456491,"48":199.8104750116,"49":108.6056936249,"50":76.8040264309},"q_mvar":{"0":0.0,"1":0.0,"2":0.0,"3":0.0,"4":0.0,"5":0.0,"6":0.0,"7":0.0,"8":0.0,"9":0.0,"10":0.0,"11":0.0,"12":0.0,"13":0.0,"14":0.0,"15":0.0,"16":0.0,"17":0.0,"18":0.0,"19":0.0,"20":0.0,"21":0.0,"22":0.0,"23":0.0,"24":0.0,"25":0.0,"26":0.0,"27":0.0,"28":0.0,"29":0.0,"30":0.0,"31":0.0,"32":0.0,"33":0.0,"34":0.0,"35":0.0,"36":0.0,"37":0.0,"38":0.0,"39":0.0,"40":0.0,"41":0.0,"42":0.0,"43":0.0,"44":0.0,"45":0.0,"46":0.0,"47":0.0,"48":0.0,"49":0.0,"50":0.0},"const_z_percent":{"0":0.0,"1":0.0,"2":0.0,"3":0.0,"4":0.0,"5":0.0,"6":0.0,"7":0.0,"8":0.0,"9":0.0,"10":0.0,"11":0.0,"12":0.0,"13":0.0,"14":0.0,"15":0.0,"16":0.0,"17":0.0,"18":0.0,"19":0.0,"20":0.0,"21":0.0,"22":0.0,"23":0.0,"24":0.0,"25":0.0,"26":0.0,"27":0.0,"28":0.0,"29":0.0,"30":0.0,"31":0.0,"32":0.0,"33":0.0,"34":0.0,"35":0.0,"36":0.0,"37":0.0,"38":0.0,"39":0.0,"40":0.0,"41":0.0,"42":0.0,"43":0.0,"44":0.0,"45":0.0,"46":0.0,"47":0.0,"48":0.0,"49":0.0,"50":0.0},"const_i_percent":{"0":0.0,"1":0.0,"2":0.0,"3":0.0,"4":0.0,"5":0.0,"6":0.0,"7":0.0,"8":0.0,"9":0.0,"10":0.0,"11":0.0,"12":0.0,"13":0.0,"14":0.0,"15":0.0,"16":0.0,"17":0.0,"18":0.0,"19":0.0,"20":0.0,"21":0.0,"22":0.0,"23":0.0,"24":0.0,"25":0.0,"26":0.0,"27":0.0,"28":0.0,"29":0.0,"30":0.0,"31":0.0,"32":0.0,"33":0.0,"34":0.0,"35":0.0,"36":0.0,"37":0.0,"38":0.0,"39":0.0,"40":0.0,"41":0.0,"42":0.0,"43":0.0,"44":0.0,"45":0.0,"46":0.0,"47":0.0,"48":0.0,"49":0.0,"50":0.0},"sn_mva":{"0":null,"1":null,"2":null,"3":null,"4":null,"5":null,"6":null,"7":null,"8":null,"9":null,"10":null,"11":null,"12":null,"13":null,"14":null,"15":null,"16":null,"17":null,"18":null,"19":null,"20":null,"21":null,"22":null,"23":null,"24":null,"25":null,"26":null,"27":null,"28":null,"29":null,"30":null,"31":null,"32":null,"33":null,"34":null,"35":null,"36":null,"37":null,"38":null,"39":null,"40":null,"41":null,"42":null,"43":null,"44":null,"45":null,"46":null,"47":null,"48":null,"49":null,"50":null},"scaling":{"0":1.0,"1":1.0,"2":1.0,"3":1.0,"4":1.0,"5":1.0,"6":1.0,"7":1.0,"8":1.0,"9":1.0,"10":1.0,"11":1.0,"12":1.0,"13":1.0,"14":1.0,"15":1.0,"16":1.0,"17":1.0,"18":1.0,"19":1.0,"20":1.0,"21":1.0,"22":1.0,"23":1.0,"24":1.0,"25":1.0,"26":1.0,"27":1.0,"28":1.0,"29":1.0,"30":1.0,"31":1.0,"32":1.0,"33":1.0,"34":1.0,"35":1.0,"36":1.0,"37":1.0,"38":1.0,"39":1.0,"40":1.0,"41":1.0,"42":1.0,"43":1.0,"44":1.0,"45":1.0,"46":1.0,"47":1.0,"48":1.0,"49":1.0,"50":1.0},"in_service":{"0":true,"1":true,"2":true,"3":true,"4":true,"5":true,"6":true,"7":true,"8":true,"9":true,"10":true,"11":true,"12":true,"13":true,"14":true,"15":true,"16":true,"17":true,"18":true,"19":true,"20":true,"21":true,"22":true,"23":true,"24":true,"25":true,"26":true,"27":true,"28":true,"29":true,"30":true,"31":true,"32":true,"33":true,"34":true,"35":true,"36":true,"37":true,"38":true,"39":true,"40":true,"41":true,"42":true,"43":true,"44":true,"45":true,"46":true,"47":true,"48":true,"49":true,"50":true},"type":{"0":null,"1":null,"2":null,"3":null,"4":null,"5":null,"6":null,"7":null,"8":null,"9":null,"10":null,"11":null,"12":null,"13":null,"14":null,"15":null,"16":null,"17":null,"18":null,"19":null,"20":null,"21":null,"22":null,"23":null,"24":null,"25":null,"26":null,"27":null,"28":null,"29":null,"30":null,"31":null,"32":null,"33":null,"34":null,"35":null,"36":null,"37":null,"38":null,"39":null,"40":null,"41":null,"42":null,"43":null,"44":null,"45":null,"46":null,"47":null,"48":null,"49":null,"50":null},"controllable":{"0":false,"1":false,"2":false,"3":false,"4":false,"5":false,"6":false,"7":false,"8":false,"9":false,"10":false,"11":false,"12":false,"13":false,"14":false,"15":false,"16":false,"17":false,"18":false,"19":false,"20":false,"21":false,"22":false,"23":false,"24":false,"25":false,"26":false,"27":false,"28":false,"29":false,"30":false,"31":false,"32":false,"33":false,"34":false,"35":false,"36":false,"37":false,"38":false,"39":false,"40":false,"41":false,"42":false,"43":false,"44":false,"45":false,"46":false,"47":false,"48":false,"49":false,"50":false},"ts_path_q":{"0":"load\/ef2dbc2c.json","1":"load\/7e080ffe.json","2":"load\/842578fa.json","3":"load\/4524d3db.json","4":"load\/de564253.json","5":"load\/249963e4.json","6":"load\/d8e835d9.json","7":"load\/f5d6381c.json","8":"load\/96de970c.json","9":"load\/235958aa.json","10":"load\/3fd055b2.json","11":"load\/8f054b5c.json","12":"load\/8e4c39d6.json","13":"load\/94939f56.json","14":"load\/a24c3b29.json","15":"load\/9961632c.json","16":"load\/7fe1528a.json","17":"load\/d4a625a5.json","18":"load\/d2c16f35.json","19":"load\/ec05d6fb.json","20":"load\/0e31d5b9.json","21":"load\/cb03f050.json","22":"load\/271a67cd.json","23":"load\/4cd54d7c.json","24":"load\/d86ed1da.json","25":"load\/4a6c569e.json","26":"load\/4e7053f4.json","27":"load\/31f91bfd.json","28":"load\/d3ea4b45.json","29":"load\/926dc755.json","30":"load\/cd1e42e1.json","31":"load\/665252ad.json","32":"load\/fa933e2c.json","33":"load\/6963ba30.json","34":"load\/ce6b1a71.json","35":"load\/2243b398.json","36":"load\/378abd56.json","37":"load\/0aa34f49.json","38":"load\/4797f1ad.json","39":"load\/d93da856.json","40":"load\/f9f18c35.json","41":"load\/51a51923.json","42":"load\/676b5061.json","43":"load\/4c11f005.json","44":"load\/145ca91a.json","45":"load\/49087733.json","46":"load\/055ca7fb.json","47":"load\/5334d593.json","48":"load\/07cd8be6.json","49":"load\/c7bf23a5.json","50":"load\/31a7c691.json"}}