{"name":{"0":null,"1":null,"2":null,"3":null,"4":null,"5":null,"6":null,"7":null,"8":null,"9":null,"10":null,"11":null,"12":null,"13":null,"14":null,"15":null,"16":null,"17":null,"18":null,"19":null,"20":null,"21":null,"22":null,"23":null,"24":null,"25":null,"26":null,"27":null,"28":null,"29":null,"30":null,"31":null},"bus":{"0":0,"1":1,"2":6,"3":14,"4":15,"5":17,"6":22,"7":24,"8":25,"9":30,"10":36,"11":38,"12":39,"13":41,"14":44,"15":46,"16":48,"17":49,"18":54,"19":60,"20":62,"21":63,"22":65,"23":68,"24":69,"25":70,"26":13,"27":20,"28":21,"29":37,"30":45,"31":61},"p_mw":{"0":0.0,"1":0.0,"2":0.0,"3":0.0,"4":0.0,"5":0.0,"6":0.0,"7":0.0,"8":0.0,"9":0.0,"10":0.0,"11":0.0,"12":0.0,"13":0.0,"14":0.0,"15":0.0,"16":0.0,"17":0.0,"18":0.0,"19":0.0,"20":0.0,"21":0.0,"22":0.0,"23":0.0,"24":0.0,"25":0.0,"26":0.0,"27":0.0,"28":0.0,"29":0.0,"30":0.0,"31":0.0},"vm_pu":{"0":1.0499937627,"1":1.0499956166,"2":1.0499993793,"3":1.0439760731,"4":1.0464892432,"5":1.0499999949,"6":1.0499980499,"7":1.0499978417,"8":1.0499985317,"9":1.04,"10":1.0499993242,"11":1.0449622221,"12":1.0483376151,"13":1.0490666877,"14":1.0499983166,"15":1.0499996299,"16":1.0499985646,"17":1.0499977523,"18":1.04,"19":1.0402792342,"20":1.0449775363,"21":1.0469672856,"22":1.0499980785,"23":1.0499995242,"24":1.0499984229,"25":1.0499778212,"26":1.0381441547,"27":1.0499977736,"28":1.0499980535,"29":1.0499975154,"30":1.04,"31":1.0499994913},"sn_mva":{"0":null,"1":null,"2":null,"3":null,"4":null,"5":null,"6":null,"7":null,"8":null,"9":null,"10":null,"11":null,"12":null,"13":null,"14":null,"15":null,"16":null,"17":null,"18":null,"19":null,"20":null,"21":null,"22":null,"23":null,"24":null,"25":null,"26":null,"27":null,"28":null,"29":null,"30":null,"31":null},"min_q_mvar":{"0":0.0,"1":0.0,"2":-25.0,"3":0.0,"4":-50.0,"5":-25.0,"6":-50.0,"7":0.0,"8":0.0,"9":-15.0,"10":-25.0,"11":-15.0,"12":-50.0,"13":-25.0,"14":-25.0,"15":-50.0,"16":0.0,"17":0.0,"18":-15.0,"19":-25.0,"20":0.0,"21":-50.0,"22":-25.0,"23":-25.0,"24":-15.0,"25":-25.0,"26":-50.0,"27":-50.0,"28":-10.0,"29":-50.0,"30":-10.0,"31":-50.0},"max_q_mvar":{"0":10.0,"1":10.0,"2":150.0,"3":6.0,"4":80.0,"5":150.0,"6":80.0,"7":10.0,"8":10.0,"9":19.0,"10":150.0,"11":19.0,"12":80.0,"13":150.0,"14":150.0,"15":80.0,"16":10.0,"17":10.0,"18":19.0,"19":150.0,"20":6.0,"21":80.0,"22":150.0,"23":150.0,"24":19.0,"25":150.0,"26":200.0,"27":200.0,"28":16.0,"29":200.0,"30":16.0,"31":200.0},"scaling":{"0":1.0,"1":1.0,"2":1.0,"3":1.0,"4":1.0,"5":1.0,"6":1.0,"7":1.0,"8":1.0,"9":1.0,"10":1.0,"11":1.0,"12":1.0,"13":1.0,"14":1.0,"15":1.0,"16":1.0,"17":1.0,"18":1.0,"19":1.0,"20":1.0,"21":1.0,"22":1.0,"23":1.0,"24":1.0,"25":1.0,"26":1.0,"27":1.0,"28":1.0,"29":1.0,"30":1.0,"31":1.0},"slack":{"0":false,"1":false,"2":false,"3":false,"4":false,"5":false,"6":false,"7":false,"8":false,"9":false,"10":false,"11":false,"12":false,"13":false,"14":false,"15":false,"16":false,"17":false,"18":false,"19":false,"20":false,"21":false,"22":false,"23":false,"24":false,"25":false,"26":false,"27":false,"28":false,"29":false,"30":false,"31":false},"in_service":{"0":true,"1":true,"2":true,"3":true,"4":true,"5":true,"6":true,"7":true,"8":true,"9":true,"10":true,"11":true,"12":true,"13":true,"14":true,"15":true,"16":true,"17":true,"18":true,"19":true,"20":true,"21":true,"22":true,"23":true,"24":true,"25":true,"26":true,"27":true,"28":true,"29":true,"30":true,"31":true},"type":{"0":null,"1":null,"2":null,"3":null,"4":null,"5":null,"6":null,"7":null,"8":null,"9":null,"10":null,"11":null,"12":null,"13":null,"14":null,"15":null,"16":null,"17":null,"18":null,"19":null,"20":null,"21":null,"22":null,"23":null,"24":null,"25":null,"26":null,"27":null,"28":null,"29":null,"30":null,"31":null},"min_p_mw":{"0":0.0,"1":0.0,"2":0.0,"3":0.0,"4":0.0,"5":0.0,"6":0.0,"7":0.0,"8":0.0,"9":0.0,"10":0.0,"11":0.0,"12":0.0,"13":0.0,"14":0.0,"15":0.0,"16":0.0,"17":0.0,"18":0.0,"19":0.0,"20":0.0,"21":0.0,"22":0.0,"23":0.0,"24":0.0,"25":0.0,"26":0.0,"27":0.0,"28":0.0,"29":0.0,"30":0.0,"31":0.0},"max_p_mw":{"0":0.0,"1":0.0,"2":0.0,"3":0.0,"4":0.0,"5":0.0,"6":0.0,"7":0.0,"8":0.0,"9":0.0,"10":0.0,"11":0.0,"12":0.0,"13":0.0,"14":0.0,"15":0.0,"16":0.0,"17":0.0,"18":0.0,"19":0.0,"20":0.0,"21":0.0,"22":0.0,"23":0.0,"24":0.0,"25":0.0,"26":0.0,"27":0.0,"28":0.0,"29":0.0,"30":0.0,"31":0.0},"controllable":{"0":true,"1":true,"2":true,"3":true,"4":true,"5":true,"6":true,"7":true,"8":true,"9":true,"10":true,"11":true,"12":true,"13":true,"14":true,"15":true,"16":true,"17":true,"18":true,"19":true,"20":true,"21":true,"22":true,"23":true,"24":true,"25":true,"26":true,"27":true,"28":true,"29":true,"30":true,"31":true},"min_vm_pu":{"0":1.0499937627,"1":1.0499956166,"2":1.0499993793,"3":1.0439760731,"4":1.0464892432,"5":1.0499999949,"6":1.0499980499,"7":1.0499978417,"8":1.0499985317,"9":1.04,"10":1.0499993242,"11":1.0449622221,"12":1.0483376151,"13":1.0490666877,"14":1.0499983166,"15":1.0499996299,"16":1.0499985646,"17":1.0499977523,"18":1.04,"19":1.0402792342,"20":1.0449775363,"21":1.0469672856,"22":1.0499980785,"23":1.0499995242,"24":1.0499984229,"25":1.0499778212,"26":1.0381441547,"27":1.0499977736,"28":1.0499980535,"29":1.0499975154,"30":1.04,"31":1.0499994913},"max_vm_pu":{"0":1.0499937627,"1":1.0499956166,"2":1.0499993793,"3":1.0439760731,"4":1.0464892432,"5":1.0499999949,"6":1.0499980499,"7":1.0499978417,"8":1.0499985317,"9":1.04,"10":1.0499993242,"11":1.0449622221,"12":1.0483376151,"13":1.0490666877,"14":1.0499983166,"15":1.0499996299,"16":1.0499985646,"17":1.0499977523,"18":1.04,"19":1.0402792342,"20":1.0449775363,"21":1.0469672856,"22":1.0499980785,"23":1.0499995242,"24":1.0499984229,"25":1.0499778212,"26":1.0381441547,"27":1.0499977736,"28":1.0499980535,"29":1.0499975154,"30":1.04,"31":1.0499994913}}